{
  "T_horizon": 48,
  "window_days": 90,
  "lambda": 0.01,
  "kappa": 0.9000277119192044,
  "bucket_keys": [
    "squeeze_mid|vol_mid",
    "squeeze_mid|vol_low",
    "squeeze_low|vol_low",
    "squeeze_low|vol_mid",
    "squeeze_low|vol_high",
    "squeeze_mid|vol_high",
    "squeeze_high|vol_high",
    "squeeze_high|vol_mid",
    "squeeze_high|vol_low"
  ],
  "q_hat_global": 0.0,
  "bucket_corrections": {
    "squeeze_mid|vol_mid": {
      "q_hat": 0.0,
      "q_hat_raw": 0.0,
      "n_samples": 4440.0,
      "shrink_weight": 0.9367088607594937
    },
    "squeeze_mid|vol_low": {
      "q_hat": 2.9077578051527542e-05,
      "q_hat_raw": 3.17485129613433e-05,
      "n_samples": 3266.0,
      "shrink_weight": 0.9158721256309591
    },
    "squeeze_low|vol_low": {
      "q_hat": 0.0,
      "q_hat_raw": 0.0,
      "n_samples": 6232.0,
      "shrink_weight": 0.9540722596448254
    },
    "squeeze_low|vol_mid": {
      "q_hat": 0.0,
      "q_hat_raw": 0.0,
      "n_samples": 3417.0,
      "shrink_weight": 0.9192897497982244
    },
    "squeeze_low|vol_high": {
      "q_hat": 0.0,
      "q_hat_raw": 0.0,
      "n_samples": 1177.0,
      "shrink_weight": 0.7968855788761002
    },
    "squeeze_mid|vol_high": {
      "q_hat": 0.0,
      "q_hat_raw": 0.0,
      "n_samples": 3119.0,
      "shrink_weight": 0.9122550453348932
    },
    "squeeze_high|vol_high": {
      "q_hat": 0.0,
      "q_hat_raw": 0.0,
      "n_samples": 6530.0,
      "shrink_weight": 0.9560761346998536
    },
    "squeeze_high|vol_mid": {
      "q_hat": 0.000179272455426622,
      "q_hat_raw": 0.00019739298663551234,
      "n_samples": 2968.0,
      "shrink_weight": 0.9082007343941249
    },
    "squeeze_high|vol_low": {
      "q_hat": 1.9718665266604507e-05,
      "q_hat_raw": 2.417318302261456e-05,
      "n_samples": 1328.0,
      "shrink_weight": 0.8157248157248157
    }
  },
  "alpha": 0.1,
  "n_calib": 32477,
  "low_quantile": 0.05,
  "high_quantile": 0.95
}