{
  "nan_pct": {
    "vwap_sigma": 17.13679288812329,
    "Z_CLOSE_VWAP": 17.13679288812329,
    "y_T84": 0.2583899843120367,
    "vwap_session": 0.22762927189393709,
    "y_T42": 0.12919499215601835,
    "BB_PCTB": 0.07997785228705898,
    "POS_DON20": 0.07382570980343905,
    "ADX_SLOPE": 0.015380356209049803,
    "RET_3": 0.009228213725429882,
    "DI_DIFF": 0.00615214248361992,
    "RSI": 0.00615214248361992,
    "RV20": 0.00615214248361992,
    "DI_MINUS": 0.00615214248361992,
    "DI_PLUS": 0.00615214248361992,
    "ADX": 0.00615214248361992,
    "RV10": 0.00615214248361992,
    "RET_1": 0.00307607124180996,
    "CROSSUP_EMA20": 0.0,
    "DC_WIDTH": 0.0,
    "Z_CLOSE_EMA20": 0.0,
    "Z_CLOSE_DCMID": 0.0,
    "DON_W20": 0.0,
    "ATR_PCT_W": 0.0,
    "ABOVE_EMA200": 0.0,
    "BREAKOUT_DONH20": 0.0,
    "CROSSDN_EMA20": 0.0,
    "CLOSE_GT_DONH": 0.0,
    "CLOSE_LT_DONL": 0.0,
    "CROSS_UP_E20": 0.0,
    "DIST_E20": 0.0,
    "DIST_E50": 0.0,
    "DIST_E200": 0.0,
    "ATR_PCT": 0.0,
    "open": 0.0,
    "BB_WIDTH": 0.0,
    "BB_LOWER": 0.0,
    "low": 0.0,
    "close": 0.0,
    "volume": 0.0,
    "notional_usd": 0.0,
    "gap_bars": 0.0,
    "ATR": 0.0,
    "EMA20": 0.0,
    "EMA50": 0.0,
    "EMA200": 0.0,
    "DC_UPPER": 0.0,
    "DC_LOWER": 0.0,
    "DC_MID": 0.0,
    "MACD": 0.0,
    "MACD_SIGNAL": 0.0,
    "MACD_HIST": 0.0,
    "REGIME_RAW": 0.0,
    "REGIME_HYST": 0.0,
    "REGIME_STABLE_k2": 0.0,
    "REGIME": 0.0,
    "BREAKOUT_UP": 0.0,
    "BREAKOUT_DOWN": 0.0,
    "BB_MID": 0.0,
    "high": 0.0,
    "BB_UPPER": 0.0
  },
  "ADX_min": 1.7220108419506603,
  "ADX_max": 100.0,
  "ATR_PCT_stats": {
    "mean": 0.03336688948712496,
    "std": 0.06719388768835162,
    "q001": 0.003704132193806694,
    "q999": 0.6624366107790312
  },
  "gap_bars_count": 461,
  "regime_counts": {
    "REGIME": {
      "1": 18875,
      "-1": 7897,
      "0": 5737
    },
    "REGIME_RAW": {
      "1": 18875,
      "-1": 7897,
      "0": 5737
    },
    "REGIME_HYST": {
      "1": 20099,
      "-1": 8825,
      "0": 3585
    }
  }
}